Team,Result,Margin,BR,Toss,Bat,Opposition,Ground,Start Date
West Indies,won,4 wickets,11,lost,2nd,v South Africa,Providence,03-Jun-16
South Africa,lost,4 wickets,11,won,1st,v West Indies,Providence,03-Jun-16
Australia,won,6 wickets,146,won,2nd,v West Indies,Providence,05-Jun-16
West Indies,lost,6 wickets,146,lost,1st,v Australia,Providence,05-Jun-16
South Africa,won,47 runs,,won,1st,v Australia,Providence,07-Jun-16
Australia,lost,47 runs,,lost,2nd,v South Africa,Providence,07-Jun-16
India,won,9 wickets,45,won,2nd,v Zimbabwe,Harare,11-Jun-16
Australia,won,36 runs,,won,1st,v South Africa,Basseterre,11-Jun-16
South Africa,lost,36 runs,,lost,2nd,v Australia,Basseterre,11-Jun-16
India,won,8 wickets,139,won,2nd,v Zimbabwe,Harare,13-Jun-16
West Indies,won,4 wickets,26,won,2nd,v Australia,Basseterre,13-Jun-16
Australia,lost,4 wickets,26,lost,1st,v West Indies,Basseterre,13-Jun-16
India,won,10 wickets,169,lost,2nd,v Zimbabwe,Harare,15-Jun-16
South Africa,won,139 runs,,lost,1st,v West Indies,Basseterre,15-Jun-16
West Indies,lost,139 runs,,won,2nd,v South Africa,Basseterre,15-Jun-16
Sri Lanka,won,76 runs,,lost,1st,v Ireland,Dublin (Malahide),16-Jun-16
Sri Lanka,won,136 runs,,lost,1st,v Ireland,Dublin (Malahide),18-Jun-16
England,tied,-,,won,2nd,v Sri Lanka,Nottingham,21-Jun-16
Sri Lanka,tied,-,,lost,1st,v England,Nottingham,21-Jun-16
Australia,won,6 wickets,8,won,2nd,v West Indies,Bridgetown,21-Jun-16
West Indies,lost,6 wickets,8,lost,1st,v Australia,Bridgetown,21-Jun-16
England,won,10 wickets,95,lost,2nd,v Sri Lanka,Birmingham,24-Jun-16
Sri Lanka,lost,10 wickets,95,won,1st,v England,Birmingham,24-Jun-16
West Indies,won,100 runs,,lost,1st,v South Africa,Bridgetown,24-Jun-16
South Africa,lost,100 runs,,won,2nd,v West Indies,Bridgetown,24-Jun-16
Australia,won,58 runs,,won,1st,v West Indies,Bridgetown,26-Jun-16
West Indies,lost,58 runs,,lost,2nd,v Australia,Bridgetown,26-Jun-16
England,won,6 wickets,11,won,2nd,v Sri Lanka,The Oval,29-Jun-16
Sri Lanka,lost,6 wickets,11,lost,1st,v England,The Oval,29-Jun-16
England,won,122 runs,,lost,1st,v Sri Lanka,Cardiff,02-Jul-16
Sri Lanka,lost,122 runs,,won,2nd,v England,Cardiff,02-Jul-16
Afghanistan,won,78 runs,,won,1st,v Scotland,Edinburgh,06-Jul-16
Afghanistan,won,39 runs,,lost,1st,v Ireland,Belfast,12-Jul-16
Afghanistan,lost,6 wickets,15,won,1st,v Ireland,Belfast,14-Jul-16
Afghanistan,won,79 runs,,won,1st,v Ireland,Belfast,17-Jul-16
Afghanistan,lost,12 runs,,won,2nd,v Ireland,Belfast,19-Jul-16
Pakistan,won,255 runs,,lost,1st,v Ireland,Dublin (Malahide),18-Aug-16
Australia,won,3 wickets,19,won,2nd,v Sri Lanka,Colombo (RPS),21-Aug-16
Sri Lanka,lost,3 wickets,19,lost,1st,v Australia,Colombo (RPS),21-Aug-16
Sri Lanka,won,82 runs,,won,1st,v Australia,Colombo (RPS),24-Aug-16
Australia,lost,82 runs,,lost,2nd,v Sri Lanka,Colombo (RPS),24-Aug-16
England,won,44 runs,,lost,2nd,v Pakistan,Southampton,24-Aug-16
Pakistan,lost,44 runs,,won,1st,v England,Southampton,24-Aug-16
England,won,4 wickets,15,lost,2nd,v Pakistan,Lord's,27-Aug-16
Pakistan,lost,4 wickets,15,won,1st,v England,Lord's,27-Aug-16
Australia,won,2 wickets,24,lost,2nd,v Sri Lanka,Dambulla,28-Aug-16
Sri Lanka,lost,2 wickets,24,won,1st,v Australia,Dambulla,28-Aug-16
England,won,169 runs,,won,1st,v Pakistan,Nottingham,30-Aug-16
Pakistan,lost,169 runs,,lost,2nd,v England,Nottingham,30-Aug-16
Australia,won,6 wickets,114,lost,2nd,v Sri Lanka,Dambulla,31-Aug-16
Sri Lanka,lost,6 wickets,114,won,1st,v Australia,Dambulla,31-Aug-16
England,won,4 wickets,12,lost,2nd,v Pakistan,Leeds,01-Sep-16
Pakistan,lost,4 wickets,12,won,1st,v England,Leeds,01-Sep-16
Australia,won,5 wickets,42,lost,2nd,v Sri Lanka,Pallekele,04-Sep-16
Sri Lanka,lost,5 wickets,42,won,1st,v Australia,Pallekele,04-Sep-16
Pakistan,won,4 wickets,10,won,2nd,v England,Cardiff,04-Sep-16
England,lost,4 wickets,10,lost,1st,v Pakistan,Cardiff,04-Sep-16
South Africa,won,206 runs,,lost,1st,v Ireland,Benoni,25-Sep-16
Bangladesh,won,7 runs,,won,1st,v Afghanistan,Mirpur,25-Sep-16
Afghanistan,lost,7 runs,,lost,2nd,v Bangladesh,Mirpur,25-Sep-16
Australia,won,9 wickets,119,lost,2nd,v Ireland,Benoni,27-Sep-16
Afghanistan,won,2 wickets,2,won,2nd,v Bangladesh,Mirpur,28-Sep-16
Bangladesh,lost,2 wickets,2,lost,1st,v Afghanistan,Mirpur,28-Sep-16
Pakistan,won,111 runs,,lost,1st,v West Indies,Sharjah,30-Sep-16
West Indies,lost,111 runs,,won,2nd,v Pakistan,Sharjah,30-Sep-16
South Africa,won,6 wickets,82,won,2nd,v Australia,Centurion,30-Sep-16
Australia,lost,6 wickets,82,lost,1st,v South Africa,Centurion,30-Sep-16
Bangladesh,won,141 runs,,won,1st,v Afghanistan,Mirpur,01-Oct-16
Afghanistan,lost,141 runs,,lost,2nd,v Bangladesh,Mirpur,01-Oct-16
South Africa,won,142 runs,,lost,1st,v Australia,Johannesburg,02-Oct-16
Australia,lost,142 runs,,won,2nd,v South Africa,Johannesburg,02-Oct-16
Pakistan,won,59 runs,,won,1st,v West Indies,Sharjah,02-Oct-16
West Indies,lost,59 runs,,lost,2nd,v Pakistan,Sharjah,02-Oct-16
Pakistan,won,136 runs,,won,1st,v West Indies,Abu Dhabi,05-Oct-16
West Indies,lost,136 runs,,lost,2nd,v Pakistan,Abu Dhabi,05-Oct-16
South Africa,won,4 wickets,4,lost,2nd,v Australia,Durban,05-Oct-16
Australia,lost,4 wickets,4,won,1st,v South Africa,Durban,05-Oct-16
England,won,21 runs,,won,1st,v Bangladesh,Mirpur,07-Oct-16
Bangladesh,lost,21 runs,,lost,2nd,v England,Mirpur,07-Oct-16
South Africa,won,6 wickets,87,lost,2nd,v Australia,Gqeberha,09-Oct-16
Australia,lost,6 wickets,87,won,1st,v South Africa,Gqeberha,09-Oct-16
Bangladesh,won,34 runs,,lost,1st,v England,Mirpur,09-Oct-16
England,lost,34 runs,,won,2nd,v Bangladesh,Mirpur,09-Oct-16
England,won,4 wickets,13,won,2nd,v Bangladesh,Chattogram,12-Oct-16
Bangladesh,lost,4 wickets,13,lost,1st,v England,Chattogram,12-Oct-16
South Africa,won,31 runs,,won,1st,v Australia,Cape Town,12-Oct-16
Australia,lost,31 runs,,lost,2nd,v South Africa,Cape Town,12-Oct-16
India,won,6 wickets,101,won,2nd,v New Zealand,Dharamsala,16-Oct-16
New Zealand,lost,6 wickets,101,lost,1st,v India,Dharamsala,16-Oct-16
New Zealand,won,6 runs,,lost,1st,v India,Delhi,20-Oct-16
India,lost,6 runs,,won,2nd,v New Zealand,Delhi,20-Oct-16
India,won,7 wickets,10,won,2nd,v New Zealand,Mohali,23-Oct-16
New Zealand,lost,7 wickets,10,lost,1st,v India,Mohali,23-Oct-16
New Zealand,won,19 runs,,won,1st,v India,Ranchi,26-Oct-16
India,lost,19 runs,,lost,2nd,v New Zealand,Ranchi,26-Oct-16
India,won,190 runs,,won,1st,v New Zealand,Visakhapatnam,29-Oct-16
New Zealand,lost,190 runs,,lost,2nd,v India,Visakhapatnam,29-Oct-16
Sri Lanka,won,8 wickets,153,won,2nd,v Zimbabwe,Harare,14-Nov-16
West Indies,won,62 runs,,lost,1st,v Sri Lanka,Harare,16-Nov-16
Sri Lanka,lost,62 runs,,won,2nd,v West Indies,Harare,16-Nov-16
West Indies,tied,-,,lost,2nd,v Zimbabwe,Bulawayo,19-Nov-16
Sri Lanka,won,1 runs,,lost,1st,v West Indies,Bulawayo,23-Nov-16
West Indies,lost,1 runs,,won,2nd,v Sri Lanka,Bulawayo,23-Nov-16
West Indies,lost,5 runs,,lost,2nd,v Zimbabwe,Bulawayo,25-Nov-16
Sri Lanka,won,6 wickets,75,lost,2nd,v Zimbabwe,Bulawayo,27-Nov-16
Australia,won,68 runs,,won,1st,v New Zealand,Sydney,04-Dec-16
New Zealand,lost,68 runs,,lost,2nd,v Australia,Sydney,04-Dec-16
Australia,won,116 runs,,lost,1st,v New Zealand,Canberra,06-Dec-16
New Zealand,lost,116 runs,,won,2nd,v Australia,Canberra,06-Dec-16
Australia,won,117 runs,,won,1st,v New Zealand,Melbourne,09-Dec-16
New Zealand,lost,117 runs,,lost,2nd,v Australia,Melbourne,09-Dec-16
New Zealand,won,77 runs,,won,1st,v Bangladesh,Christchurch,26-Dec-16
Bangladesh,lost,77 runs,,lost,2nd,v New Zealand,Christchurch,26-Dec-16
New Zealand,won,67 runs,,lost,1st,v Bangladesh,Nelson,29-Dec-16
Bangladesh,lost,67 runs,,won,2nd,v New Zealand,Nelson,29-Dec-16
New Zealand,won,8 wickets,52,lost,2nd,v Bangladesh,Nelson,31-Dec-16
Bangladesh,lost,8 wickets,52,won,1st,v New Zealand,Nelson,31-Dec-16
Australia,won,92 runs,,won,1st,v Pakistan,Brisbane,13-Jan-17
Pakistan,lost,92 runs,,lost,2nd,v Australia,Brisbane,13-Jan-17
Pakistan,won,6 wickets,14,lost,2nd,v Australia,Melbourne,15-Jan-17
Australia,lost,6 wickets,14,won,1st,v Pakistan,Melbourne,15-Jan-17
India,won,3 wickets,11,won,2nd,v England,Pune,15-Jan-17
England,lost,3 wickets,11,lost,1st,v India,Pune,15-Jan-17
Australia,won,7 wickets,30,won,2nd,v Pakistan,Perth,19-Jan-17
Pakistan,lost,7 wickets,30,lost,1st,v Australia,Perth,19-Jan-17
India,won,15 runs,,lost,1st,v England,Cuttack,19-Jan-17
England,lost,15 runs,,won,2nd,v India,Cuttack,19-Jan-17
Australia,won,86 runs,,won,1st,v Pakistan,Sydney,22-Jan-17
Pakistan,lost,86 runs,,lost,2nd,v Australia,Sydney,22-Jan-17
England,won,5 runs,,lost,1st,v India,Kolkata,22-Jan-17
India,lost,5 runs,,won,2nd,v England,Kolkata,22-Jan-17
Australia,won,57 runs,,won,1st,v Pakistan,Adelaide,26-Jan-17
Pakistan,lost,57 runs,,lost,2nd,v Australia,Adelaide,26-Jan-17
South Africa,won,8 wickets,94,won,2nd,v Sri Lanka,Gqeberha,28-Jan-17
Sri Lanka,lost,8 wickets,94,lost,1st,v South Africa,Gqeberha,28-Jan-17
New Zealand,won,6 runs,,lost,1st,v Australia,Auckland,30-Jan-17
Australia,lost,6 runs,,won,2nd,v New Zealand,Auckland,30-Jan-17
South Africa,won,121 runs,,lost,1st,v Sri Lanka,Durban,01-Feb-17
Sri Lanka,lost,121 runs,,won,2nd,v South Africa,Durban,01-Feb-17
South Africa,won,7 wickets,108,won,2nd,v Sri Lanka,Johannesburg,04-Feb-17
Sri Lanka,lost,7 wickets,108,lost,1st,v South Africa,Johannesburg,04-Feb-17
New Zealand,won,24 runs,,won,1st,v Australia,Hamilton,05-Feb-17
Australia,lost,24 runs,,lost,2nd,v New Zealand,Hamilton,05-Feb-17
South Africa,won,40 runs,,won,1st,v Sri Lanka,Cape Town,07-Feb-17
Sri Lanka,lost,40 runs,,lost,2nd,v South Africa,Cape Town,07-Feb-17
South Africa,won,88 runs,,lost,1st,v Sri Lanka,Centurion,10-Feb-17
Sri Lanka,lost,88 runs,,won,2nd,v South Africa,Centurion,10-Feb-17
Afghanistan,won,12 runs,,won,1st,v Zimbabwe,Harare,16-Feb-17
South Africa,won,4 wickets,1,won,2nd,v New Zealand,Hamilton,19-Feb-17
New Zealand,lost,4 wickets,1,lost,1st,v South Africa,Hamilton,19-Feb-17
Afghanistan,won,54 runs,,won,1st,v Zimbabwe,Harare,19-Feb-17
Afghanistan,lost,3 runs,,lost,2nd,v Zimbabwe,Harare,21-Feb-17
New Zealand,won,6 runs,,lost,1st,v South Africa,Christchurch,22-Feb-17
South Africa,lost,6 runs,,won,2nd,v New Zealand,Christchurch,22-Feb-17
Afghanistan,lost,7 wickets,118,won,1st,v Zimbabwe,Harare,24-Feb-17
South Africa,won,159 runs,,won,1st,v New Zealand,Wellington,25-Feb-17
New Zealand,lost,159 runs,,lost,2nd,v South Africa,Wellington,25-Feb-17
Afghanistan,won,106 runs,,won,1st,v Zimbabwe,Harare,26-Feb-17
New Zealand,won,7 wickets,30,lost,2nd,v South Africa,Hamilton,01-Mar-17
South Africa,lost,7 wickets,30,won,1st,v New Zealand,Hamilton,01-Mar-17
England,won,45 runs,,lost,1st,v West Indies,North Sound,03-Mar-17
West Indies,lost,45 runs,,won,2nd,v England,North Sound,03-Mar-17
South Africa,won,6 wickets,106,won,2nd,v New Zealand,Auckland,04-Mar-17
New Zealand,lost,6 wickets,106,lost,1st,v South Africa,Auckland,04-Mar-17
England,won,4 wickets,10,lost,2nd,v West Indies,North Sound,05-Mar-17
West Indies,lost,4 wickets,10,won,1st,v England,North Sound,05-Mar-17
England,won,186 runs,,lost,1st,v West Indies,Bridgetown,09-Mar-17
West Indies,lost,186 runs,,won,2nd,v England,Bridgetown,09-Mar-17
Afghanistan,won,30 runs,,won,1st,v Ireland,Greater Noida,15-Mar-17
Afghanistan,won,34 runs,,won,1st,v Ireland,Greater Noida,17-Mar-17
Afghanistan,lost,6 wickets,9,won,1st,v Ireland,Greater Noida,19-Mar-17
Afghanistan,lost,3 wickets,19,won,1st,v Ireland,Greater Noida,22-Mar-17
Afghanistan,won,7 wickets,8,lost,2nd,v Ireland,Greater Noida,24-Mar-17
Bangladesh,won,90 runs,,lost,1st,v Sri Lanka,Dambulla,25-Mar-17
Sri Lanka,lost,90 runs,,won,2nd,v Bangladesh,Dambulla,25-Mar-17
Sri Lanka,won,70 runs,,lost,1st,v Bangladesh,Colombo (SSC),01-Apr-17
Bangladesh,lost,70 runs,,won,2nd,v Sri Lanka,Colombo (SSC),01-Apr-17
West Indies,won,4 wickets,6,won,2nd,v Pakistan,Providence,07-Apr-17
Pakistan,lost,4 wickets,6,lost,1st,v West Indies,Providence,07-Apr-17
Pakistan,won,74 runs,,lost,1st,v West Indies,Providence,09-Apr-17
West Indies,lost,74 runs,,won,2nd,v Pakistan,Providence,09-Apr-17
Pakistan,won,6 wickets,41,lost,2nd,v West Indies,Providence,11-Apr-17
West Indies,lost,6 wickets,41,won,1st,v Pakistan,Providence,11-Apr-17
England,won,7 wickets,180,lost,2nd,v Ireland,Bristol,05-May-17
England,won,85 runs,,lost,1st,v Ireland,Lord's,07-May-17
New Zealand,won,51 runs,,lost,1st,v Ireland,Dublin (Malahide),14-May-17
New Zealand,won,4 wickets,15,won,2nd,v Bangladesh,Dublin,17-May-17
Bangladesh,lost,4 wickets,15,lost,1st,v New Zealand,Dublin,17-May-17
Bangladesh,won,8 wickets,137,won,2nd,v Ireland,Dublin (Malahide),19-May-17
New Zealand,won,190 runs,,lost,1st,v Ireland,Dublin (Malahide),21-May-17
Bangladesh,won,5 wickets,10,won,2nd,v New Zealand,Dublin,24-May-17
New Zealand,lost,5 wickets,10,lost,1st,v Bangladesh,Dublin,24-May-17
England,won,72 runs,,lost,1st,v South Africa,Leeds,24-May-17
South Africa,lost,72 runs,,won,2nd,v England,Leeds,24-May-17
England,won,2 runs,,lost,1st,v South Africa,Southampton,27-May-17
South Africa,lost,2 runs,,won,2nd,v England,Southampton,27-May-17
South Africa,won,7 wickets,127,won,2nd,v England,Lord's,29-May-17
England,lost,7 wickets,127,lost,1st,v South Africa,Lord's,29-May-17
England,won,8 wickets,16,won,2nd,v Bangladesh,The Oval,01-Jun-17
Bangladesh,lost,8 wickets,16,lost,1st,v England,The Oval,01-Jun-17
South Africa,won,96 runs,,lost,1st,v Sri Lanka,The Oval,03-Jun-17
Sri Lanka,lost,96 runs,,won,2nd,v South Africa,The Oval,03-Jun-17
India,won,124 runs,,lost,1st,v Pakistan,Birmingham,04-Jun-17
Pakistan,lost,124 runs,,won,2nd,v India,Birmingham,04-Jun-17
England,won,87 runs,,lost,1st,v New Zealand,Cardiff,06-Jun-17
New Zealand,lost,87 runs,,won,2nd,v England,Cardiff,06-Jun-17
Pakistan,won,19 runs,,lost,2nd,v South Africa,Birmingham,07-Jun-17
South Africa,lost,19 runs,,won,1st,v Pakistan,Birmingham,07-Jun-17
Sri Lanka,won,7 wickets,8,won,2nd,v India,The Oval,08-Jun-17
India,lost,7 wickets,8,lost,1st,v Sri Lanka,The Oval,08-Jun-17
Bangladesh,won,5 wickets,16,lost,2nd,v New Zealand,Cardiff,09-Jun-17
New Zealand,lost,5 wickets,16,won,1st,v Bangladesh,Cardiff,09-Jun-17
Afghanistan,won,63 runs,,won,1st,v West Indies,Gros Islet,09-Jun-17
West Indies,lost,63 runs,,lost,2nd,v Afghanistan,Gros Islet,09-Jun-17
England,won,40 runs,,won,2nd,v Australia,Birmingham,10-Jun-17
Australia,lost,40 runs,,lost,1st,v England,Birmingham,10-Jun-17
India,won,8 wickets,72,won,2nd,v South Africa,The Oval,11-Jun-17
South Africa,lost,8 wickets,72,lost,1st,v India,The Oval,11-Jun-17
West Indies,won,4 wickets,64,lost,2nd,v Afghanistan,Gros Islet,11-Jun-17
Afghanistan,lost,4 wickets,64,won,1st,v West Indies,Gros Islet,11-Jun-17
Pakistan,won,3 wickets,31,won,2nd,v Sri Lanka,Cardiff,12-Jun-17
Sri Lanka,lost,3 wickets,31,lost,1st,v Pakistan,Cardiff,12-Jun-17
Pakistan,won,8 wickets,77,won,2nd,v England,Cardiff,14-Jun-17
England,lost,8 wickets,77,lost,1st,v Pakistan,Cardiff,14-Jun-17
India,won,9 wickets,59,won,2nd,v Bangladesh,Birmingham,15-Jun-17
Bangladesh,lost,9 wickets,59,lost,1st,v India,Birmingham,15-Jun-17
Pakistan,won,180 runs,,lost,1st,v India,The Oval,18-Jun-17
India,lost,180 runs,,won,2nd,v Pakistan,The Oval,18-Jun-17
India,won,105 runs,,lost,1st,v West Indies,Port of Spain,25-Jun-17
West Indies,lost,105 runs,,won,2nd,v India,Port of Spain,25-Jun-17
Sri Lanka,lost,6 wickets,14,won,1st,v Zimbabwe,Galle,30-Jun-17
India,won,93 runs,,lost,1st,v West Indies,North Sound,30-Jun-17
West Indies,lost,93 runs,,won,2nd,v India,North Sound,30-Jun-17
Sri Lanka,won,7 wickets,119,won,2nd,v Zimbabwe,Galle,02-Jul-17
West Indies,won,11 runs,,won,1st,v India,North Sound,02-Jul-17
India,lost,11 runs,,lost,2nd,v West Indies,North Sound,02-Jul-17
Sri Lanka,won,8 wickets,16,won,2nd,v Zimbabwe,Hambantota,06-Jul-17
India,won,8 wickets,79,lost,2nd,v West Indies,Kingston,06-Jul-17
West Indies,lost,8 wickets,79,won,1st,v India,Kingston,06-Jul-17
Sri Lanka,lost,4 wickets,10,won,1st,v Zimbabwe,Hambantota,08-Jul-17
Sri Lanka,lost,3 wickets,71,lost,1st,v Zimbabwe,Hambantota,10-Jul-17
India,won,9 wickets,127,won,2nd,v Sri Lanka,Dambulla,20-Aug-17
Sri Lanka,lost,9 wickets,127,lost,1st,v India,Dambulla,20-Aug-17
India,won,3 wickets,16,won,2nd,v Sri Lanka,Pallekele,24-Aug-17
Sri Lanka,lost,3 wickets,16,lost,1st,v India,Pallekele,24-Aug-17
India,won,6 wickets,29,lost,2nd,v Sri Lanka,Pallekele,27-Aug-17
Sri Lanka,lost,6 wickets,29,won,1st,v India,Pallekele,27-Aug-17
India,won,168 runs,,won,1st,v Sri Lanka,Colombo (RPS),31-Aug-17
Sri Lanka,lost,168 runs,,lost,2nd,v India,Colombo (RPS),31-Aug-17
India,won,6 wickets,21,lost,2nd,v Sri Lanka,Colombo (RPS),03-Sep-17
Sri Lanka,lost,6 wickets,21,won,1st,v India,Colombo (RPS),03-Sep-17
India,won,26 runs,,won,1st,v Australia,Chennai,17-Sep-17
Australia,lost,26 runs,,lost,2nd,v India,Chennai,17-Sep-17
England,won,7 wickets,67,lost,2nd,v West Indies,Manchester,19-Sep-17
West Indies,lost,7 wickets,67,won,1st,v England,Manchester,19-Sep-17
India,won,50 runs,,won,1st,v Australia,Kolkata,21-Sep-17
Australia,lost,50 runs,,lost,2nd,v India,Kolkata,21-Sep-17
India,won,5 wickets,13,lost,2nd,v Australia,Indore,24-Sep-17
Australia,lost,5 wickets,13,won,1st,v India,Indore,24-Sep-17
England,won,124 runs,,lost,1st,v West Indies,Bristol,24-Sep-17
West Indies,lost,124 runs,,won,2nd,v England,Bristol,24-Sep-17
England,won,6 runs,,won,2nd,v West Indies,The Oval,27-Sep-17
West Indies,lost,6 runs,,lost,1st,v England,The Oval,27-Sep-17
Australia,won,21 runs,,won,1st,v India,Bengaluru,28-Sep-17
India,lost,21 runs,,lost,2nd,v Australia,Bengaluru,28-Sep-17
England,won,9 wickets,72,won,2nd,v West Indies,Southampton,29-Sep-17
West Indies,lost,9 wickets,72,lost,1st,v England,Southampton,29-Sep-17
India,won,7 wickets,43,lost,2nd,v Australia,Nagpur,01-Oct-17
Australia,lost,7 wickets,43,won,1st,v India,Nagpur,01-Oct-17
Pakistan,won,83 runs,,lost,1st,v Sri Lanka,Dubai (DSC),13-Oct-17
Sri Lanka,lost,83 runs,,won,2nd,v Pakistan,Dubai (DSC),13-Oct-17
South Africa,won,10 wickets,43,lost,2nd,v Bangladesh,Kimberley,15-Oct-17
Bangladesh,lost,10 wickets,43,won,1st,v South Africa,Kimberley,15-Oct-17
Pakistan,won,32 runs,,won,1st,v Sri Lanka,Abu Dhabi,16-Oct-17
Sri Lanka,lost,32 runs,,lost,2nd,v Pakistan,Abu Dhabi,16-Oct-17
South Africa,won,104 runs,,lost,1st,v Bangladesh,Paarl,18-Oct-17
Bangladesh,lost,104 runs,,won,2nd,v South Africa,Paarl,18-Oct-17
Pakistan,won,7 wickets,45,lost,2nd,v Sri Lanka,Abu Dhabi,18-Oct-17
Sri Lanka,lost,7 wickets,45,won,1st,v Pakistan,Abu Dhabi,18-Oct-17
Pakistan,won,7 wickets,66,lost,2nd,v Sri Lanka,Sharjah,20-Oct-17
Sri Lanka,lost,7 wickets,66,won,1st,v Pakistan,Sharjah,20-Oct-17
New Zealand,won,6 wickets,6,lost,2nd,v India,Wankhede,22-Oct-17
India,lost,6 wickets,6,won,1st,v New Zealand,Wankhede,22-Oct-17
South Africa,won,200 runs,,won,1st,v Bangladesh,East London,22-Oct-17
Bangladesh,lost,200 runs,,lost,2nd,v South Africa,East London,22-Oct-17
Pakistan,won,9 wickets,178,lost,2nd,v Sri Lanka,Sharjah,23-Oct-17
Sri Lanka,lost,9 wickets,178,won,1st,v Pakistan,Sharjah,23-Oct-17
India,won,6 wickets,24,lost,2nd,v New Zealand,Pune,25-Oct-17
New Zealand,lost,6 wickets,24,won,1st,v India,Pune,25-Oct-17
India,won,6 runs,,lost,1st,v New Zealand,Kanpur,29-Oct-17
New Zealand,lost,6 runs,,won,2nd,v India,Kanpur,29-Oct-17
Afghanistan,won,138 runs,,lost,1st,v Ireland,Sharjah,05-Dec-17
Afghanistan,lost,51 runs,,lost,2nd,v Ireland,Sharjah,07-Dec-17
Sri Lanka,won,7 wickets,176,won,2nd,v India,Dharamsala,10-Dec-17
India,lost,7 wickets,176,lost,1st,v Sri Lanka,Dharamsala,10-Dec-17
Afghanistan,lost,5 wickets,72,won,1st,v Ireland,Sharjah,10-Dec-17
India,won,141 runs,,lost,1st,v Sri Lanka,Mohali,13-Dec-17
Sri Lanka,lost,141 runs,,won,2nd,v India,Mohali,13-Dec-17
India,won,8 wickets,107,won,2nd,v Sri Lanka,Visakhapatnam,17-Dec-17
Sri Lanka,lost,8 wickets,107,lost,1st,v India,Visakhapatnam,17-Dec-17
New Zealand,won,5 wickets,24,won,2nd,v West Indies,Whangarei,20-Dec-17
West Indies,lost,5 wickets,24,lost,1st,v New Zealand,Whangarei,20-Dec-17
New Zealand,won,204 runs,,lost,1st,v West Indies,Christchurch,23-Dec-17
West Indies,lost,204 runs,,won,2nd,v New Zealand,Christchurch,23-Dec-17
New Zealand,won,66 runs,,won,1st,v West Indies,Christchurch,26-Dec-17
West Indies,lost,66 runs,,lost,2nd,v New Zealand,Christchurch,26-Dec-17
New Zealand,won,61 runs,,lost,1st,v Pakistan,Wellington,06-Jan-18
Pakistan,lost,61 runs,,won,2nd,v New Zealand,Wellington,06-Jan-18
New Zealand,won,8 wickets,7,lost,2nd,v Pakistan,Nelson,09-Jan-18
Pakistan,lost,8 wickets,7,won,1st,v New Zealand,Nelson,09-Jan-18
New Zealand,won,183 runs,,won,1st,v Pakistan,Dunedin,13-Jan-18
Pakistan,lost,183 runs,,lost,2nd,v New Zealand,Dunedin,13-Jan-18
England,won,5 wickets,7,won,2nd,v Australia,Melbourne,14-Jan-18
Australia,lost,5 wickets,7,lost,1st,v England,Melbourne,14-Jan-18
Bangladesh,won,8 wickets,129,won,2nd,v Zimbabwe,Mirpur,15-Jan-18
New Zealand,won,5 wickets,25,lost,2nd,v Pakistan,Hamilton,16-Jan-18
Pakistan,lost,5 wickets,25,won,1st,v New Zealand,Hamilton,16-Jan-18
Sri Lanka,lost,12 runs,,won,2nd,v Zimbabwe,Mirpur,17-Jan-18
New Zealand,won,15 runs,,won,1st,v Pakistan,Wellington,19-Jan-18
Pakistan,lost,15 runs,,lost,2nd,v New Zealand,Wellington,19-Jan-18
England,won,4 wickets,34,lost,2nd,v Australia,Brisbane,19-Jan-18
Australia,lost,4 wickets,34,won,1st,v England,Brisbane,19-Jan-18
Bangladesh,won,163 runs,,won,1st,v Sri Lanka,Mirpur,19-Jan-18
Sri Lanka,lost,163 runs,,lost,2nd,v Bangladesh,Mirpur,19-Jan-18
England,won,16 runs,,lost,1st,v Australia,Sydney,21-Jan-18
Australia,lost,16 runs,,won,2nd,v England,Sydney,21-Jan-18
Sri Lanka,won,5 wickets,31,lost,2nd,v Zimbabwe,Mirpur,21-Jan-18
Bangladesh,won,91 runs,,won,1st,v Zimbabwe,Mirpur,23-Jan-18
Sri Lanka,won,10 wickets,229,lost,2nd,v Bangladesh,Mirpur,25-Jan-18
Bangladesh,lost,10 wickets,229,won,1st,v Sri Lanka,Mirpur,25-Jan-18
Australia,won,3 wickets,78,won,2nd,v England,Adelaide,26-Jan-18
England,lost,3 wickets,78,lost,1st,v Australia,Adelaide,26-Jan-18
Sri Lanka,won,79 runs,,won,1st,v Bangladesh,Mirpur,27-Jan-18
Bangladesh,lost,79 runs,,lost,2nd,v Sri Lanka,Mirpur,27-Jan-18
England,won,12 runs,,lost,1st,v Australia,Perth,28-Jan-18
Australia,lost,12 runs,,won,2nd,v England,Perth,28-Jan-18
India,won,6 wickets,27,lost,2nd,v South Africa,Durban,01-Feb-18
South Africa,lost,6 wickets,27,won,1st,v India,Durban,01-Feb-18
India,won,9 wickets,177,won,2nd,v South Africa,Centurion,04-Feb-18
South Africa,lost,9 wickets,177,lost,1st,v India,Centurion,04-Feb-18
India,won,124 runs,,lost,1st,v South Africa,Cape Town,07-Feb-18
South Africa,lost,124 runs,,won,2nd,v India,Cape Town,07-Feb-18
Afghanistan,won,154 runs,,won,1st,v Zimbabwe,Sharjah,09-Feb-18
South Africa,won,5 wickets,15,lost,2nd,v India,Johannesburg,10-Feb-18
India,lost,5 wickets,15,won,1st,v South Africa,Johannesburg,10-Feb-18
Afghanistan,lost,154 runs,,lost,2nd,v Zimbabwe,Sharjah,11-Feb-18
Afghanistan,won,6 wickets,135,lost,2nd,v Zimbabwe,Sharjah,13-Feb-18
India,won,73 runs,,lost,1st,v South Africa,Gqeberha,13-Feb-18
South Africa,lost,73 runs,,won,2nd,v India,Gqeberha,13-Feb-18
Afghanistan,won,10 wickets,173,lost,2nd,v Zimbabwe,Sharjah,16-Feb-18
India,won,8 wickets,107,won,2nd,v South Africa,Centurion,16-Feb-18
South Africa,lost,8 wickets,107,lost,1st,v India,Centurion,16-Feb-18
Afghanistan,won,146 runs,,won,1st,v Zimbabwe,Sharjah,19-Feb-18
New Zealand,won,3 wickets,4,won,2nd,v England,Hamilton,25-Feb-18
England,lost,3 wickets,4,lost,1st,v New Zealand,Hamilton,25-Feb-18
England,won,6 wickets,73,won,2nd,v New Zealand,Mount Maunganui,28-Feb-18
New Zealand,lost,6 wickets,73,lost,1st,v England,Mount Maunganui,28-Feb-18
England,won,4 runs,,lost,1st,v New Zealand,Wellington,03-Mar-18
New Zealand,lost,4 runs,,won,2nd,v England,Wellington,03-Mar-18
Afghanistan,lost,7 wickets,16,lost,1st,v Scotland,Bulawayo,04-Mar-18
West Indies,won,60 runs,,won,1st,v U.A.E.,Harare,06-Mar-18
Afghanistan,lost,2 runs,,lost,2nd,v Zimbabwe,Bulawayo,06-Mar-18
New Zealand,won,5 wickets,3,won,2nd,v England,Dunedin,07-Mar-18
England,lost,5 wickets,3,lost,1st,v New Zealand,Dunedin,07-Mar-18
Afghanistan,lost,30 runs,,won,2nd,v Hong Kong,Bulawayo,08-Mar-18
West Indies,won,6 wickets,42,lost,2nd,v P.N.G.,Harare,08-Mar-18
England,won,7 wickets,104,won,2nd,v New Zealand,Christchurch,10-Mar-18
New Zealand,lost,7 wickets,104,lost,1st,v England,Christchurch,10-Mar-18
West Indies,won,52 runs,,lost,1st,v Ireland,Harare,10-Mar-18
Afghanistan,won,3 wickets,14,lost,2nd,v West Indies,Harare,15-Mar-18
West Indies,lost,3 wickets,14,won,1st,v Afghanistan,Harare,15-Mar-18
West Indies,won,4 wickets,6,lost,2nd,v Zimbabwe,Harare,19-Mar-18
Afghanistan,won,5 wickets,93,lost,2nd,v U.A.E.,Harare,20-Mar-18
West Indies,won,5 runs,,lost,1st,v Scotland,Harare,21-Mar-18
Afghanistan,won,5 wickets,5,lost,2nd,v Ireland,Harare,23-Mar-18
Afghanistan,won,7 wickets,56,lost,2nd,v West Indies,Harare,25-Mar-18
West Indies,lost,7 wickets,56,won,1st,v Afghanistan,Harare,25-Mar-18
England,lost,6 runs,,won,2nd,v Scotland,Edinburgh,10-Jun-18
England,won,3 wickets,36,lost,2nd,v Australia,The Oval,13-Jun-18
Australia,lost,3 wickets,36,won,1st,v England,The Oval,13-Jun-18
England,won,38 runs,,lost,1st,v Australia,Cardiff,16-Jun-18
Australia,lost,38 runs,,won,2nd,v England,Cardiff,16-Jun-18
England,won,242 runs,,lost,1st,v Australia,Nottingham,19-Jun-18
Australia,lost,242 runs,,won,2nd,v England,Nottingham,19-Jun-18
England,won,6 wickets,32,lost,2nd,v Australia,Chester-le-Street,21-Jun-18
Australia,lost,6 wickets,32,won,1st,v England,Chester-le-Street,21-Jun-18
England,won,1 wickets,9,lost,2nd,v Australia,Manchester,24-Jun-18
Australia,lost,1 wickets,9,won,1st,v England,Manchester,24-Jun-18
India,won,8 wickets,59,won,2nd,v England,Nottingham,12-Jul-18
England,lost,8 wickets,59,lost,1st,v India,Nottingham,12-Jul-18
Pakistan,won,201 runs,,lost,1st,v Zimbabwe,Bulawayo,13-Jul-18
England,won,86 runs,,won,1st,v India,Lord's,14-Jul-18
India,lost,86 runs,,lost,2nd,v England,Lord's,14-Jul-18
Pakistan,won,9 wickets,84,lost,2nd,v Zimbabwe,Bulawayo,16-Jul-18
England,won,8 wickets,33,won,2nd,v India,Leeds,17-Jul-18
India,lost,8 wickets,33,lost,1st,v England,Leeds,17-Jul-18
Pakistan,won,9 wickets,241,lost,2nd,v Zimbabwe,Bulawayo,18-Jul-18
Pakistan,won,244 runs,,won,1st,v Zimbabwe,Bulawayo,20-Jul-18
Pakistan,won,131 runs,,won,1st,v Zimbabwe,Bulawayo,22-Jul-18
Bangladesh,won,48 runs,,won,1st,v West Indies,Providence,22-Jul-18
West Indies,lost,48 runs,,lost,2nd,v Bangladesh,Providence,22-Jul-18
West Indies,won,3 runs,,lost,1st,v Bangladesh,Providence,25-Jul-18
Bangladesh,lost,3 runs,,won,2nd,v West Indies,Providence,25-Jul-18
Bangladesh,won,18 runs,,won,1st,v West Indies,Basseterre,28-Jul-18
West Indies,lost,18 runs,,lost,2nd,v Bangladesh,Basseterre,28-Jul-18
South Africa,won,5 wickets,114,lost,2nd,v Sri Lanka,Dambulla,29-Jul-18
Sri Lanka,lost,5 wickets,114,won,1st,v South Africa,Dambulla,29-Jul-18
South Africa,won,4 wickets,43,lost,2nd,v Sri Lanka,Dambulla,01-Aug-18
Sri Lanka,lost,4 wickets,43,won,1st,v South Africa,Dambulla,01-Aug-18
South Africa,won,78 runs,,lost,1st,v Sri Lanka,Pallekele,05-Aug-18
Sri Lanka,lost,78 runs,,won,2nd,v South Africa,Pallekele,05-Aug-18
Sri Lanka,won,3 runs,,lost,1st,v South Africa,Pallekele,08-Aug-18
South Africa,lost,3 runs,,won,2nd,v Sri Lanka,Pallekele,08-Aug-18
Sri Lanka,won,178 runs,,won,1st,v South Africa,Colombo (RPS),12-Aug-18
South Africa,lost,178 runs,,lost,2nd,v Sri Lanka,Colombo (RPS),12-Aug-18
Afghanistan,won,29 runs,,lost,1st,v Ireland,Belfast,27-Aug-18
Afghanistan,lost,3 wickets,37,won,1st,v Ireland,Belfast,29-Aug-18
Afghanistan,won,8 wickets,157,lost,2nd,v Ireland,Belfast,31-Aug-18
Bangladesh,won,137 runs,,won,1st,v Sri Lanka,Dubai (DSC),15-Sep-18
Sri Lanka,lost,137 runs,,lost,2nd,v Bangladesh,Dubai (DSC),15-Sep-18
Pakistan,won,8 wickets,158,lost,2nd,v Hong Kong,Dubai (DSC),16-Sep-18
Afghanistan,won,91 runs,,won,1st,v Sri Lanka,Abu Dhabi,17-Sep-18
Sri Lanka,lost,91 runs,,lost,2nd,v Afghanistan,Abu Dhabi,17-Sep-18
India,won,26 runs,,lost,1st,v Hong Kong,Dubai (DSC),18-Sep-18
India,won,8 wickets,126,lost,2nd,v Pakistan,Dubai (DSC),19-Sep-18
Pakistan,lost,8 wickets,126,won,1st,v India,Dubai (DSC),19-Sep-18
Afghanistan,won,136 runs,,won,1st,v Bangladesh,Abu Dhabi,20-Sep-18
Bangladesh,lost,136 runs,,lost,2nd,v Afghanistan,Abu Dhabi,20-Sep-18
India,won,7 wickets,82,won,2nd,v Bangladesh,Dubai (DSC),21-Sep-18
Bangladesh,lost,7 wickets,82,lost,1st,v India,Dubai (DSC),21-Sep-18
Pakistan,won,3 wickets,3,lost,2nd,v Afghanistan,Abu Dhabi,21-Sep-18
Afghanistan,lost,3 wickets,3,won,1st,v Pakistan,Abu Dhabi,21-Sep-18
India,won,9 wickets,63,lost,2nd,v Pakistan,Dubai (DSC),23-Sep-18
Pakistan,lost,9 wickets,63,won,1st,v India,Dubai (DSC),23-Sep-18
Bangladesh,won,3 runs,,won,1st,v Afghanistan,Abu Dhabi,23-Sep-18
Afghanistan,lost,3 runs,,lost,2nd,v Bangladesh,Abu Dhabi,23-Sep-18
Afghanistan,tied,-,,won,1st,v India,Dubai (DSC),25-Sep-18
India,tied,-,,lost,2nd,v Afghanistan,Dubai (DSC),25-Sep-18
Bangladesh,won,37 runs,,won,1st,v Pakistan,Abu Dhabi,26-Sep-18
Pakistan,lost,37 runs,,lost,2nd,v Bangladesh,Abu Dhabi,26-Sep-18
India,won,3 wickets,0,won,2nd,v Bangladesh,Dubai (DSC),28-Sep-18
Bangladesh,lost,3 wickets,0,lost,1st,v India,Dubai (DSC),28-Sep-18
South Africa,won,5 wickets,143,won,2nd,v Zimbabwe,Kimberley,30-Sep-18
South Africa,won,120 runs,,won,1st,v Zimbabwe,Bloemfontein,03-Oct-18
South Africa,won,4 wickets,25,lost,2nd,v Zimbabwe,Paarl,06-Oct-18
England,won,31 runs,,lost,1st,v Sri Lanka,Dambulla,13-Oct-18
Sri Lanka,lost,31 runs,,won,2nd,v England,Dambulla,13-Oct-18
England,won,7 wickets,15,won,2nd,v Sri Lanka,Pallekele,17-Oct-18
Sri Lanka,lost,7 wickets,15,lost,1st,v England,Pallekele,17-Oct-18
England,won,18 runs,,won,2nd,v Sri Lanka,Pallekele,20-Oct-18
Sri Lanka,lost,18 runs,,lost,1st,v England,Pallekele,20-Oct-18
India,won,8 wickets,47,won,2nd,v West Indies,Guwahati,21-Oct-18
West Indies,lost,8 wickets,47,lost,1st,v India,Guwahati,21-Oct-18
Bangladesh,won,28 runs,,won,1st,v Zimbabwe,Mirpur,21-Oct-18
Sri Lanka,won,219 runs,,won,1st,v England,Colombo (RPS),23-Oct-18
England,lost,219 runs,,lost,2nd,v Sri Lanka,Colombo (RPS),23-Oct-18
India,tied,-,,won,1st,v West Indies,Visakhapatnam,24-Oct-18
West Indies,tied,-,,lost,2nd,v India,Visakhapatnam,24-Oct-18
Bangladesh,won,7 wickets,35,won,2nd,v Zimbabwe,Chattogram,24-Oct-18
Bangladesh,won,7 wickets,47,won,2nd,v Zimbabwe,Chattogram,26-Oct-18
West Indies,won,43 runs,,lost,1st,v India,Pune,27-Oct-18
India,lost,43 runs,,won,2nd,v West Indies,Pune,27-Oct-18
India,won,224 runs,,won,1st,v West Indies,Brabourne,29-Oct-18
West Indies,lost,224 runs,,lost,2nd,v India,Brabourne,29-Oct-18
India,won,9 wickets,211,lost,2nd,v West Indies,Thiruvananthapuram,01-Nov-18
West Indies,lost,9 wickets,211,won,1st,v India,Thiruvananthapuram,01-Nov-18
South Africa,won,6 wickets,124,won,2nd,v Australia,Perth,04-Nov-18
Australia,lost,6 wickets,124,lost,1st,v South Africa,Perth,04-Nov-18
New Zealand,won,47 runs,,won,1st,v Pakistan,Abu Dhabi,07-Nov-18
Pakistan,lost,47 runs,,lost,2nd,v New Zealand,Abu Dhabi,07-Nov-18
Australia,won,7 runs,,lost,1st,v South Africa,Adelaide,09-Nov-18
South Africa,lost,7 runs,,won,2nd,v Australia,Adelaide,09-Nov-18
Pakistan,won,6 wickets,57,lost,2nd,v New Zealand,Abu Dhabi,09-Nov-18
New Zealand,lost,6 wickets,57,won,1st,v Pakistan,Abu Dhabi,09-Nov-18
South Africa,won,40 runs,,lost,1st,v Australia,Hobart,11-Nov-18
Australia,lost,40 runs,,won,2nd,v South Africa,Hobart,11-Nov-18
Bangladesh,won,5 wickets,89,lost,2nd,v West Indies,Mirpur,09-Dec-18
West Indies,lost,5 wickets,89,won,1st,v Bangladesh,Mirpur,09-Dec-18
West Indies,won,4 wickets,2,won,2nd,v Bangladesh,Mirpur,11-Dec-18
Bangladesh,lost,4 wickets,2,lost,1st,v West Indies,Mirpur,11-Dec-18
Bangladesh,won,8 wickets,69,won,2nd,v West Indies,Sylhet,14-Dec-18
West Indies,lost,8 wickets,69,lost,1st,v Bangladesh,Sylhet,14-Dec-18
New Zealand,won,45 runs,,won,1st,v Sri Lanka,Mount Maunganui,03-Jan-19
Sri Lanka,lost,45 runs,,lost,2nd,v New Zealand,Mount Maunganui,03-Jan-19
New Zealand,won,21 runs,,won,1st,v Sri Lanka,Mount Maunganui,05-Jan-19
Sri Lanka,lost,21 runs,,lost,2nd,v New Zealand,Mount Maunganui,05-Jan-19
New Zealand,won,115 runs,,lost,1st,v Sri Lanka,Nelson,08-Jan-19
Sri Lanka,lost,115 runs,,won,2nd,v New Zealand,Nelson,08-Jan-19
Australia,won,34 runs,,won,1st,v India,Sydney,12-Jan-19
India,lost,34 runs,,lost,2nd,v Australia,Sydney,12-Jan-19
India,won,6 wickets,4,lost,2nd,v Australia,Adelaide,15-Jan-19
Australia,lost,6 wickets,4,won,1st,v India,Adelaide,15-Jan-19
India,won,7 wickets,4,won,2nd,v Australia,Melbourne,18-Jan-19
Australia,lost,7 wickets,4,lost,1st,v India,Melbourne,18-Jan-19
Pakistan,won,5 wickets,5,lost,2nd,v South Africa,Gqeberha,19-Jan-19
South Africa,lost,5 wickets,5,won,1st,v Pakistan,Gqeberha,19-Jan-19
South Africa,won,5 wickets,48,won,2nd,v Pakistan,Durban,22-Jan-19
Pakistan,lost,5 wickets,48,lost,1st,v South Africa,Durban,22-Jan-19
India,won,8 wickets,85,lost,2nd,v New Zealand,Napier,23-Jan-19
New Zealand,lost,8 wickets,85,won,1st,v India,Napier,23-Jan-19
South Africa,won,13 runs,,lost,2nd,v Pakistan,Centurion,25-Jan-19
Pakistan,lost,13 runs,,won,1st,v South Africa,Centurion,25-Jan-19
India,won,90 runs,,won,1st,v New Zealand,Mount Maunganui,26-Jan-19
New Zealand,lost,90 runs,,lost,2nd,v India,Mount Maunganui,26-Jan-19
Pakistan,won,8 wickets,111,won,2nd,v South Africa,Johannesburg,27-Jan-19
South Africa,lost,8 wickets,111,lost,1st,v Pakistan,Johannesburg,27-Jan-19
India,won,7 wickets,42,lost,2nd,v New Zealand,Mount Maunganui,28-Jan-19
New Zealand,lost,7 wickets,42,won,1st,v India,Mount Maunganui,28-Jan-19
South Africa,won,7 wickets,60,won,2nd,v Pakistan,Cape Town,30-Jan-19
Pakistan,lost,7 wickets,60,lost,1st,v South Africa,Cape Town,30-Jan-19
New Zealand,won,8 wickets,212,won,2nd,v India,Hamilton,31-Jan-19
India,lost,8 wickets,212,lost,1st,v New Zealand,Hamilton,31-Jan-19
India,won,35 runs,,won,1st,v New Zealand,Wellington,03-Feb-19
New Zealand,lost,35 runs,,lost,2nd,v India,Wellington,03-Feb-19
New Zealand,won,8 wickets,33,lost,2nd,v Bangladesh,Napier,13-Feb-19
Bangladesh,lost,8 wickets,33,won,1st,v New Zealand,Napier,13-Feb-19
New Zealand,won,8 wickets,83,won,2nd,v Bangladesh,Christchurch,16-Feb-19
Bangladesh,lost,8 wickets,83,lost,1st,v New Zealand,Christchurch,16-Feb-19
New Zealand,won,88 runs,,lost,1st,v Bangladesh,Dunedin,20-Feb-19
Bangladesh,lost,88 runs,,won,2nd,v New Zealand,Dunedin,20-Feb-19
England,won,6 wickets,8,lost,2nd,v West Indies,Bridgetown,20-Feb-19
West Indies,lost,6 wickets,8,won,1st,v England,Bridgetown,20-Feb-19
West Indies,won,26 runs,,lost,1st,v England,Bridgetown,22-Feb-19
England,lost,26 runs,,won,2nd,v West Indies,Bridgetown,22-Feb-19
England,won,29 runs,,lost,1st,v West Indies,St George's,27-Feb-19
West Indies,lost,29 runs,,won,2nd,v England,St George's,27-Feb-19
Afghanistan,won,5 wickets,49,lost,2nd,v Ireland,Dehradun,28-Feb-19
India,won,6 wickets,10,lost,2nd,v Australia,Hyderabad (Deccan),02-Mar-19
Australia,lost,6 wickets,10,won,1st,v India,Hyderabad (Deccan),02-Mar-19
West Indies,won,7 wickets,227,won,2nd,v England,Gros Islet,02-Mar-19
England,lost,7 wickets,227,lost,1st,v West Indies,Gros Islet,02-Mar-19
South Africa,won,8 wickets,67,won,2nd,v Sri Lanka,Johannesburg,03-Mar-19
Sri Lanka,lost,8 wickets,67,lost,1st,v South Africa,Johannesburg,03-Mar-19
Afghanistan,lost,4 wickets,6,won,1st,v Ireland,Dehradun,05-Mar-19
India,won,8 runs,,lost,1st,v Australia,Nagpur,05-Mar-19
Australia,lost,8 runs,,won,2nd,v India,Nagpur,05-Mar-19
South Africa,won,113 runs,,lost,1st,v Sri Lanka,Centurion,06-Mar-19
Sri Lanka,lost,113 runs,,won,2nd,v South Africa,Centurion,06-Mar-19
Afghanistan,won,109 runs,,lost,1st,v Ireland,Dehradun,08-Mar-19
Australia,won,32 runs,,lost,1st,v India,Ranchi,08-Mar-19
India,lost,32 runs,,won,2nd,v Australia,Ranchi,08-Mar-19
Afghanistan,lost,5 wickets,16,lost,1st,v Ireland,Dehradun,10-Mar-19
Australia,won,4 wickets,13,lost,2nd,v India,Mohali,10-Mar-19
India,lost,4 wickets,13,won,1st,v Australia,Mohali,10-Mar-19
South Africa,won,71 runs,,lost,1st,v Sri Lanka,Durban,10-Mar-19
Sri Lanka,lost,71 runs,,won,2nd,v South Africa,Durban,10-Mar-19
Australia,won,35 runs,,won,1st,v India,Delhi,13-Mar-19
India,lost,35 runs,,lost,2nd,v Australia,Delhi,13-Mar-19
South Africa,won,6 wickets,103,won,2nd,v Sri Lanka,Gqeberha,13-Mar-19
Sri Lanka,lost,6 wickets,103,lost,1st,v South Africa,Gqeberha,13-Mar-19
South Africa,won,41 runs,,lost,2nd,v Sri Lanka,Cape Town,16-Mar-19
Sri Lanka,lost,41 runs,,won,1st,v South Africa,Cape Town,16-Mar-19
Australia,won,8 wickets,6,lost,2nd,v Pakistan,Sharjah,22-Mar-19
Pakistan,lost,8 wickets,6,won,1st,v Australia,Sharjah,22-Mar-19
Australia,won,8 wickets,13,lost,2nd,v Pakistan,Sharjah,24-Mar-19
Pakistan,lost,8 wickets,13,won,1st,v Australia,Sharjah,24-Mar-19
Australia,won,80 runs,,won,1st,v Pakistan,Abu Dhabi,27-Mar-19
Pakistan,lost,80 runs,,lost,2nd,v Australia,Abu Dhabi,27-Mar-19
Australia,won,6 runs,,lost,1st,v Pakistan,Dubai (DSC),29-Mar-19
Pakistan,lost,6 runs,,won,2nd,v Australia,Dubai (DSC),29-Mar-19
Australia,won,20 runs,,lost,1st,v Pakistan,Dubai (DSC),31-Mar-19
Pakistan,lost,20 runs,,won,2nd,v Australia,Dubai (DSC),31-Mar-19
England,won,4 wickets,18,won,2nd,v Ireland,Dublin (Malahide),03-May-19
West Indies,won,196 runs,,lost,1st,v Ireland,Dublin,05-May-19
Bangladesh,won,8 wickets,30,lost,2nd,v West Indies,Dublin,07-May-19
West Indies,lost,8 wickets,30,won,1st,v Bangladesh,Dublin,07-May-19
Afghanistan,won,2 runs,,lost,2nd,v Scotland,Edinburgh,10-May-19
West Indies,won,5 wickets,13,lost,2nd,v Ireland,Dublin (Malahide),11-May-19
England,won,12 runs,,lost,1st,v Pakistan,Southampton,11-May-19
Pakistan,lost,12 runs,,won,2nd,v England,Southampton,11-May-19
Bangladesh,won,5 wickets,16,lost,2nd,v West Indies,Dublin (Malahide),13-May-19
West Indies,lost,5 wickets,16,won,1st,v Bangladesh,Dublin (Malahide),13-May-19
England,won,6 wickets,31,won,2nd,v Pakistan,Bristol,14-May-19
Pakistan,lost,6 wickets,31,lost,1st,v England,Bristol,14-May-19
Bangladesh,won,6 wickets,42,lost,2nd,v Ireland,Dublin,15-May-19
Bangladesh,won,5 wickets,7,won,2nd,v West Indies,Dublin (Malahide),17-May-19
West Indies,lost,5 wickets,7,lost,1st,v Bangladesh,Dublin (Malahide),17-May-19
England,won,3 wickets,3,won,2nd,v Pakistan,Nottingham,17-May-19
Pakistan,lost,3 wickets,3,lost,1st,v England,Nottingham,17-May-19
Afghanistan,lost,72 runs,,won,2nd,v Ireland,Belfast,19-May-19
England,won,54 runs,,won,1st,v Pakistan,Leeds,19-May-19
Pakistan,lost,54 runs,,lost,2nd,v England,Leeds,19-May-19
Afghanistan,won,126 runs,,lost,1st,v Ireland,Belfast,21-May-19
Sri Lanka,won,35 runs,,lost,1st,v Scotland,Edinburgh,21-May-19
England,won,104 runs,,lost,1st,v South Africa,The Oval,30-May-19
South Africa,lost,104 runs,,won,2nd,v England,The Oval,30-May-19
West Indies,won,7 wickets,218,won,2nd,v Pakistan,Nottingham,31-May-19
Pakistan,lost,7 wickets,218,lost,1st,v West Indies,Nottingham,31-May-19
New Zealand,won,10 wickets,203,won,2nd,v Sri Lanka,Cardiff,01-Jun-19
Sri Lanka,lost,10 wickets,203,lost,1st,v New Zealand,Cardiff,01-Jun-19
Australia,won,7 wickets,91,lost,2nd,v Afghanistan,Bristol,01-Jun-19
Afghanistan,lost,7 wickets,91,won,1st,v Australia,Bristol,01-Jun-19
Bangladesh,won,21 runs,,lost,1st,v South Africa,The Oval,02-Jun-19
South Africa,lost,21 runs,,won,2nd,v Bangladesh,The Oval,02-Jun-19
Pakistan,won,14 runs,,lost,1st,v England,Nottingham,03-Jun-19
England,lost,14 runs,,won,2nd,v Pakistan,Nottingham,03-Jun-19
Sri Lanka,won,34 runs,,lost,1st,v Afghanistan,Cardiff,04-Jun-19
Afghanistan,lost,34 runs,,won,2nd,v Sri Lanka,Cardiff,04-Jun-19
India,won,6 wickets,15,lost,2nd,v South Africa,Southampton,05-Jun-19
South Africa,lost,6 wickets,15,won,1st,v India,Southampton,05-Jun-19
New Zealand,won,2 wickets,17,won,2nd,v Bangladesh,The Oval,05-Jun-19
Bangladesh,lost,2 wickets,17,lost,1st,v New Zealand,The Oval,05-Jun-19
Australia,won,15 runs,,lost,1st,v West Indies,Nottingham,06-Jun-19
West Indies,lost,15 runs,,won,2nd,v Australia,Nottingham,06-Jun-19
England,won,106 runs,,lost,1st,v Bangladesh,Cardiff,08-Jun-19
Bangladesh,lost,106 runs,,won,2nd,v England,Cardiff,08-Jun-19
New Zealand,won,7 wickets,107,won,2nd,v Afghanistan,Taunton,08-Jun-19
Afghanistan,lost,7 wickets,107,lost,1st,v New Zealand,Taunton,08-Jun-19
India,won,36 runs,,won,1st,v Australia,The Oval,09-Jun-19
Australia,lost,36 runs,,lost,2nd,v India,The Oval,09-Jun-19
Australia,won,41 runs,,lost,1st,v Pakistan,Taunton,12-Jun-19
Pakistan,lost,41 runs,,won,2nd,v Australia,Taunton,12-Jun-19
England,won,8 wickets,101,won,2nd,v West Indies,Southampton,14-Jun-19
West Indies,lost,8 wickets,101,lost,1st,v England,Southampton,14-Jun-19
Australia,won,87 runs,,lost,1st,v Sri Lanka,The Oval,15-Jun-19
Sri Lanka,lost,87 runs,,won,2nd,v Australia,The Oval,15-Jun-19
South Africa,won,9 wickets,116,won,2nd,v Afghanistan,Cardiff,15-Jun-19
Afghanistan,lost,9 wickets,116,lost,1st,v South Africa,Cardiff,15-Jun-19
India,won,89 runs,,lost,1st,v Pakistan,Manchester,16-Jun-19
Pakistan,lost,89 runs,,won,2nd,v India,Manchester,16-Jun-19
Bangladesh,won,7 wickets,51,won,2nd,v West Indies,Taunton,17-Jun-19
West Indies,lost,7 wickets,51,lost,1st,v Bangladesh,Taunton,17-Jun-19
England,won,150 runs,,won,1st,v Afghanistan,Manchester,18-Jun-19
Afghanistan,lost,150 runs,,lost,2nd,v England,Manchester,18-Jun-19
New Zealand,won,4 wickets,3,won,2nd,v South Africa,Birmingham,19-Jun-19
South Africa,lost,4 wickets,3,lost,1st,v New Zealand,Birmingham,19-Jun-19
Australia,won,48 runs,,won,1st,v Bangladesh,Nottingham,20-Jun-19
Bangladesh,lost,48 runs,,lost,2nd,v Australia,Nottingham,20-Jun-19
Sri Lanka,won,20 runs,,won,1st,v England,Leeds,21-Jun-19
England,lost,20 runs,,lost,2nd,v Sri Lanka,Leeds,21-Jun-19
India,won,11 runs,,won,1st,v Afghanistan,Southampton,22-Jun-19
Afghanistan,lost,11 runs,,lost,2nd,v India,Southampton,22-Jun-19
New Zealand,won,5 runs,,lost,1st,v West Indies,Manchester,22-Jun-19
West Indies,lost,5 runs,,won,2nd,v New Zealand,Manchester,22-Jun-19
Pakistan,won,49 runs,,won,1st,v South Africa,Lord's,23-Jun-19
South Africa,lost,49 runs,,lost,2nd,v Pakistan,Lord's,23-Jun-19
Bangladesh,won,62 runs,,lost,1st,v Afghanistan,Southampton,24-Jun-19
Afghanistan,lost,62 runs,,won,2nd,v Bangladesh,Southampton,24-Jun-19
Australia,won,64 runs,,lost,1st,v England,Lord's,25-Jun-19
England,lost,64 runs,,won,2nd,v Australia,Lord's,25-Jun-19
Pakistan,won,6 wickets,5,lost,2nd,v New Zealand,Birmingham,26-Jun-19
New Zealand,lost,6 wickets,5,won,1st,v Pakistan,Birmingham,26-Jun-19
India,won,125 runs,,won,1st,v West Indies,Manchester,27-Jun-19
West Indies,lost,125 runs,,lost,2nd,v India,Manchester,27-Jun-19
South Africa,won,9 wickets,76,won,2nd,v Sri Lanka,Chester-le-Street,28-Jun-19
Sri Lanka,lost,9 wickets,76,lost,1st,v South Africa,Chester-le-Street,28-Jun-19
Pakistan,won,3 wickets,2,lost,2nd,v Afghanistan,Leeds,29-Jun-19
Afghanistan,lost,3 wickets,2,won,1st,v Pakistan,Leeds,29-Jun-19
Australia,won,86 runs,,won,1st,v New Zealand,Lord's,29-Jun-19
New Zealand,lost,86 runs,,lost,2nd,v Australia,Lord's,29-Jun-19
England,won,31 runs,,won,1st,v India,Birmingham,30-Jun-19
India,lost,31 runs,,lost,2nd,v England,Birmingham,30-Jun-19
Sri Lanka,won,23 runs,,lost,1st,v West Indies,Chester-le-Street,01-Jul-19
West Indies,lost,23 runs,,won,2nd,v Sri Lanka,Chester-le-Street,01-Jul-19
India,won,28 runs,,won,1st,v Bangladesh,Birmingham,02-Jul-19
Bangladesh,lost,28 runs,,lost,2nd,v India,Birmingham,02-Jul-19
England,won,119 runs,,won,1st,v New Zealand,Chester-le-Street,03-Jul-19
New Zealand,lost,119 runs,,lost,2nd,v England,Chester-le-Street,03-Jul-19
West Indies,won,23 runs,,won,1st,v Afghanistan,Leeds,04-Jul-19
Afghanistan,lost,23 runs,,lost,2nd,v West Indies,Leeds,04-Jul-19
Pakistan,won,94 runs,,won,1st,v Bangladesh,Lord's,05-Jul-19
Bangladesh,lost,94 runs,,lost,2nd,v Pakistan,Lord's,05-Jul-19
India,won,7 wickets,39,lost,2nd,v Sri Lanka,Leeds,06-Jul-19
Sri Lanka,lost,7 wickets,39,won,1st,v India,Leeds,06-Jul-19
South Africa,won,10 runs,,won,1st,v Australia,Manchester,06-Jul-19
Australia,lost,10 runs,,lost,2nd,v South Africa,Manchester,06-Jul-19
New Zealand,won,18 runs,,won,1st,v India,Manchester,09-Jul-19
India,lost,18 runs,,lost,2nd,v New Zealand,Manchester,09-Jul-19
England,won,8 wickets,107,lost,2nd,v Australia,Birmingham,11-Jul-19
Australia,lost,8 wickets,107,won,1st,v England,Birmingham,11-Jul-19
England,tied,-,,lost,2nd,v New Zealand,Lord's,14-Jul-19
New Zealand,tied,-,,won,1st,v England,Lord's,14-Jul-19
Sri Lanka,won,91 runs,,won,1st,v Bangladesh,Colombo (RPS),26-Jul-19
Bangladesh,lost,91 runs,,lost,2nd,v Sri Lanka,Colombo (RPS),26-Jul-19
Sri Lanka,won,7 wickets,32,lost,2nd,v Bangladesh,Colombo (RPS),28-Jul-19
Bangladesh,lost,7 wickets,32,won,1st,v Sri Lanka,Colombo (RPS),28-Jul-19
Sri Lanka,won,122 runs,,won,1st,v Bangladesh,Colombo (RPS),31-Jul-19
Bangladesh,lost,122 runs,,lost,2nd,v Sri Lanka,Colombo (RPS),31-Jul-19
India,won,59 runs,,won,1st,v West Indies,Port of Spain,11-Aug-19
West Indies,lost,59 runs,,lost,2nd,v India,Port of Spain,11-Aug-19
India,won,6 wickets,15,lost,2nd,v West Indies,Port of Spain,14-Aug-19
West Indies,lost,6 wickets,15,won,1st,v India,Port of Spain,14-Aug-19
Pakistan,won,67 runs,,won,1st,v Sri Lanka,Karachi,30-Sep-19
Sri Lanka,lost,67 runs,,lost,2nd,v Pakistan,Karachi,30-Sep-19
Pakistan,won,5 wickets,10,lost,2nd,v Sri Lanka,Karachi,02-Oct-19
Sri Lanka,lost,5 wickets,10,won,1st,v Pakistan,Karachi,02-Oct-19
West Indies,won,7 wickets,21,won,2nd,v Afghanistan,Lucknow,06-Nov-19
Afghanistan,lost,7 wickets,21,lost,1st,v West Indies,Lucknow,06-Nov-19
West Indies,won,47 runs,,lost,1st,v Afghanistan,Lucknow,09-Nov-19
Afghanistan,lost,47 runs,,won,2nd,v West Indies,Lucknow,09-Nov-19
West Indies,won,5 wickets,8,won,2nd,v Afghanistan,Lucknow,11-Nov-19
Afghanistan,lost,5 wickets,8,lost,1st,v West Indies,Lucknow,11-Nov-19
West Indies,won,8 wickets,13,won,2nd,v India,Chennai,15-Dec-19
India,lost,8 wickets,13,lost,1st,v West Indies,Chennai,15-Dec-19
India,won,107 runs,,lost,1st,v West Indies,Visakhapatnam,18-Dec-19
West Indies,lost,107 runs,,won,2nd,v India,Visakhapatnam,18-Dec-19
India,won,4 wickets,8,won,2nd,v West Indies,Cuttack,22-Dec-19
West Indies,lost,4 wickets,8,lost,1st,v India,Cuttack,22-Dec-19
West Indies,won,5 wickets,100,lost,2nd,v Ireland,Bridgetown,07-Jan-20
West Indies,won,1 wickets,1,lost,2nd,v Ireland,Bridgetown,09-Jan-20
West Indies,won,5 wickets,64,won,2nd,v Ireland,St George's,12-Jan-20
Australia,won,10 wickets,74,won,2nd,v India,Wankhede,14-Jan-20
India,lost,10 wickets,74,lost,1st,v Australia,Wankhede,14-Jan-20
India,won,36 runs,,lost,1st,v Australia,Rajkot,17-Jan-20
Australia,lost,36 runs,,won,2nd,v India,Rajkot,17-Jan-20
India,won,7 wickets,15,lost,2nd,v Australia,Bengaluru,19-Jan-20
Australia,lost,7 wickets,15,won,1st,v India,Bengaluru,19-Jan-20
South Africa,won,7 wickets,14,won,2nd,v England,Cape Town,04-Feb-20
England,lost,7 wickets,14,lost,1st,v South Africa,Cape Town,04-Feb-20
New Zealand,won,4 wickets,11,won,2nd,v India,Hamilton,05-Feb-20
India,lost,4 wickets,11,lost,1st,v New Zealand,Hamilton,05-Feb-20
New Zealand,won,22 runs,,lost,1st,v India,Auckland,08-Feb-20
India,lost,22 runs,,won,2nd,v New Zealand,Auckland,08-Feb-20
England,won,2 wickets,40,won,2nd,v South Africa,Johannesburg,09-Feb-20
South Africa,lost,2 wickets,40,lost,1st,v England,Johannesburg,09-Feb-20
New Zealand,won,5 wickets,17,won,2nd,v India,Mount Maunganui,11-Feb-20
India,lost,5 wickets,17,lost,1st,v New Zealand,Mount Maunganui,11-Feb-20
Sri Lanka,won,1 wickets,5,won,2nd,v West Indies,Colombo (SSC),22-Feb-20
West Indies,lost,1 wickets,5,lost,1st,v Sri Lanka,Colombo (SSC),22-Feb-20
Sri Lanka,won,161 runs,,lost,1st,v West Indies,Hambantota,26-Feb-20
West Indies,lost,161 runs,,won,2nd,v Sri Lanka,Hambantota,26-Feb-20
South Africa,won,74 runs,,won,1st,v Australia,Paarl,29-Feb-20
Australia,lost,74 runs,,lost,2nd,v South Africa,Paarl,29-Feb-20
Bangladesh,won,169 runs,,won,1st,v Zimbabwe,Sylhet,01-Mar-20
Sri Lanka,won,6 runs,,won,1st,v West Indies,Pallekele,01-Mar-20
West Indies,lost,6 runs,,lost,2nd,v Sri Lanka,Pallekele,01-Mar-20
Bangladesh,won,4 runs,,won,1st,v Zimbabwe,Sylhet,03-Mar-20
South Africa,won,6 wickets,9,lost,2nd,v Australia,Bloemfontein,04-Mar-20
Australia,lost,6 wickets,9,won,1st,v South Africa,Bloemfontein,04-Mar-20
Bangladesh,won,123 runs,,lost,1st,v Zimbabwe,Sylhet,06-Mar-20
South Africa,won,6 wickets,27,won,2nd,v Australia,Potchefstroom,07-Mar-20
Australia,lost,6 wickets,27,lost,1st,v South Africa,Potchefstroom,07-Mar-20
Australia,won,71 runs,,won,1st,v New Zealand,Sydney,13-Mar-20
New Zealand,lost,71 runs,,lost,2nd,v Australia,Sydney,13-Mar-20
